id|subject|description|due_date|assigned_to_id|created_on|updated_on|start_date|done_ratio|estimated_hours|parent_id|root_id|lft|rgt|is_private|closed_on|author_id|priority_id|project_id|tracker_id|status_id
1|white far|Song person return. However successful reflect theory game. From toward movie forget seem. Five officer friend region must available scene speech. Rate treatment break resource lose type. Any player without her. Yeah without main image easy expect enough.|2019-06-05 16:15:33|5|2019-05-13 00:48:17|2019-02-19 05:14:51|2018-12-25 11:50:13|36|-4082396199.75|2|3760335480|884898747|2059613081|1|2019-02-05 23:34:14|4|2|2|4|3
2|phone body|Some last answer quite condition mind. Almost successful raise style protect act want. Yet build cold those. Investment be alone describe challenge. Maybe country action condition half direction project. Have energy part material meeting many throw.|2019-05-04 03:46:31|6|2018-12-20 13:26:50|2019-10-31 08:13:23|2018-12-23 11:17:51|6|-3987012431.4|17|2607894506|1436094438|2343184671|1|2019-07-28 08:41:28|4|2|2|5|4
3|five economic|Religious join family. Involve early paper provide. Customer rock line. Share sea few action water whether. Rich be recently. Song idea spend degree behavior conference. Pressure bank Democrat small west. Information experience push peace great class.|2019-10-08 09:32:12|7|2019-06-07 09:29:15|2019-09-26 10:54:11|2019-08-03 16:07:40|4|916461930.616|12|608457425|3418539588|3680451632|0|2019-09-21 03:55:50|3|5|4|5|5
4|outside ability|Learn entire difficult sure authority high environmental. Night soon result hot build green develop. Person away sea number real property. Wind structure conference. Total against rock mother magazine nor. Raise single all friend spend although serious.|2019-08-31 08:55:01|10|2019-09-30 10:09:31|2019-01-29 03:44:00|2019-11-21 18:06:01|29|-1348281870.88|1|2567204575|425230635|4283933327|1|2019-05-24 08:46:44|8|1|1|3|3
5|successful training|Expert break morning available whom allow Congress floor. Safe evidence player around. Hold free computer performance beyond plan store. Name whom long knowledge finally or. Foreign board worker. Institution eight event sort. Anything heavy sit still.|2019-07-07 19:45:42|6|2019-05-13 22:25:57|2019-02-11 19:36:32|2019-02-09 01:16:40|62|3938497002.57|6|1073080258|190618846|1399517026|1|2018-12-28 15:46:49|1|3|2|4|1
6|responsibility them|Guy kid family including. Likely receive color consider mind policy. Between indeed within company notice billion relate into. Lawyer effort possible amount story must hospital.|2019-03-27 14:15:38|9|2018-11-29 23:11:26|2018-12-26 22:56:11|2019-02-17 22:56:48|22|-1259728492.83|7|2574883436|609157347|438864388|0|2019-07-30 04:44:36|1|3|1|3|3
7|film machine|Movie budget wish listen eye animal measure. Operation land scientist ever create instead. Place word billion shoulder lose party. Around then player couple whether. View series development meet. Power town southern interest education trip leg.|2019-02-13 21:25:51|1|2019-06-26 23:18:50|2019-03-28 02:09:20|2019-11-12 07:18:01|23|-4038304952.29|22|2926797839|435468878|3280793847|0|2019-07-26 07:05:23|8|1|4|5|4
8|indicate source|Some central tonight apply year mind. Cover among hundred moment weight light should. Project city thank report discover rock.|2019-05-26 11:50:44|7|2019-07-01 15:32:12|2019-05-31 09:02:22|2019-10-05 12:44:11|10|2084807605.3|3|2319542293|4221844671|1528664187|1|2018-12-30 11:58:58|10|4|1|5|1
9|middle kitchen|Trouble cell positive. Play none join. Amount see simple interview vote one star spring. Number find ready by foot our low. Station pressure character hotel form over rock within. Put ask would visit wide stay. Church would step skill particular.|2019-03-10 04:43:34|10|2019-05-12 12:42:27|2019-09-26 12:10:07|2019-02-12 18:28:42|3|-1676400125.87|25|43169625|90641167|4057993687|1|2019-08-07 02:02:36|8|2|2|3|1
10|reach nice|Level authority ok want. Name care week. Institution set speech and. Very people method sense never east red human. Discover difference who practice rise tree rule. Risk blue coach among break reality. Into fish maybe.|2019-03-03 16:34:50|4|2019-05-08 19:03:12|2019-01-02 08:10:46|2019-02-24 22:42:21|51|-1773547206.61|7|2853905519|3647005425|3061700154|0|2019-01-11 21:58:27|8|8|1|2|2
11|although do|Religious last upon force. Alone lead read cut. Send particularly expect theory nothing shoulder usually. Bar no mind. Occur chair thought suffer. Green discussion off until low. Far speech risk cup threat prove military. Must both what his determine get.|2019-07-13 21:58:31|6|2019-08-06 05:04:46|2019-08-13 10:14:01|2019-01-27 06:41:40|89|-673190877.584|19|2915306283|2904766133|2610231686|0|2019-05-17 16:46:19|5|1|1|3|5
12|policy for|Country another short region clearly memory. In majority unit reveal candidate large sit reduce. Race pressure them prepare business drug. Might step not which. Miss million use use each turn allow.|2018-12-03 14:25:49|8|2019-01-13 15:18:53|2018-11-25 18:47:23|2019-05-27 14:28:30|69|1503571555.24|19|179728044|1274462671|1796910768|1|2019-10-25 18:28:08|10|9|2|2|4
13|allow actually|Environment officer note quickly either. Boy season though glass. Management positive particular history cold opportunity. Letter suggest situation raise effect. Turn today ready bring.|2019-04-24 13:27:50|5|2019-10-24 23:17:09|2019-09-03 01:09:25|2019-01-07 03:02:40|27|1253683664.54|16|1864872012|3599292152|3524971883|1|2019-04-03 22:03:43|4|7|4|5|5
14|leader ahead|Him evidence resource it nor music section. Discuss factor election away. Get happen wear learn model. Role recent American oil. Population change thousand area street student beat. Both past government increase involve force.|2019-03-07 13:09:38|3|2019-03-26 03:10:07|2018-12-08 09:46:28|2019-06-27 11:38:54|85|-1405318039.97|4|611254159|568912945|3460549100|0|2018-12-26 03:08:41|6|7|4|5|4
15|six voice|War network little stop. Fund according she. Different practice remain significant simple tend image. Minute culture show plant bring treatment west expert. Throughout partner paper guess second.|2019-10-24 14:16:32|10|2019-06-22 21:16:01|2019-10-14 15:22:14|2019-10-16 09:37:42|2|4037966681.72|3|833844675|123005146|3214472500|1|2018-12-29 16:56:27|6|6|2|5|1
16|hard audience|Dark job know finish. Leg once choice house late cost know. Walk outside trouble people PM. Write agent hair. Final determine exist admit truth nor. Office dark spring. Issue call ten water.|2019-09-13 18:53:31|5|2019-10-29 16:44:55|2019-03-08 16:22:43|2019-10-23 12:52:13|91|3858011181.74|17|1047646280|2489979937|3384789066|1|2019-08-16 20:46:14|8|8|3|1|2
17|try figure|Leader inside thousand. Ability of huge represent every fund. Report establish until quickly. Minute call probably structure agent interview majority south. Out push instead practice approach store. Baby similar machine myself hard leader.|2019-08-25 21:41:45|5|2019-07-18 14:10:01|2019-04-22 17:48:00|2019-07-10 01:42:41|44|-1188796343.09|3|3299720276|787106444|2420362049|0|2019-10-19 00:43:16|9|7|2|5|1
18|only measure|Drop worker hear listen election. Information able hold during note. Fact center heavy say use how. Month responsibility rule day bank case modern. Our every provide rich.|2019-02-08 21:20:25|4|2019-10-03 22:32:10|2018-12-16 22:53:30|2019-10-20 19:51:00|58|2369477696.81|19|3646411928|3368334164|2464284829|1|2019-11-08 01:05:32|8|1|3|4|5
19|opportunity bank|Evening computer than receive conference. Plant represent fine than future. Response long personal certainly dream lot simply compare. Table push thousand Mrs international television. Street television half feeling. Little weight heart.|2019-01-09 05:47:45|3|2019-08-29 23:28:34|2018-12-21 21:59:44|2019-09-12 14:06:13|56|-2564234401.97|22|3171443446|3608150920|4059295897|0|2019-02-20 01:58:25|1|7|1|4|2
20|perform off|Sense baby six democratic brother. Really office good section final attention during. South trip audience ball test picture trial. Tend clearly around especially item. Understand get benefit big interest try. Thought see seek information worry.|2018-12-09 16:37:45|9|2019-07-11 17:54:04|2019-08-18 16:36:48|2019-06-13 03:57:10|32|-3027133628.83|12|645250588|496242902|2107225578|1|2019-08-24 15:18:04|1|8|2|4|1
21|people special|Coach recognize open suddenly. Act process notice bad note find. Relate specific cell later image star sign he. Success lead fine. Show prepare politics action wide quickly knowledge method. School teacher first. Push head girl against simply note size.|2019-03-22 07:43:44|8|2018-12-19 13:12:58|2019-02-04 21:48:36|2019-03-31 17:05:52|88|-3860465295.13|9|3111812063|1088095089|3434405676|1|2018-12-06 16:45:50|9|5|3|3|3
22|young smile|Nation Mrs about way. Edge yet affect standard. Single candidate ask break on majority. Off within according. Food ground nation skin. Social lose capital. Decade nothing nearly watch. Better report hand suffer beautiful.|2019-10-06 14:10:02|8|2019-02-04 07:12:59|2019-03-14 18:24:26|2019-10-23 11:58:48|28|90292373.9162|14|2537419451|2838732488|3785519913|1|2019-05-23 00:48:24|3|10|1|2|2
23|want seven|Student listen star he effect TV hundred. North mean tonight item population kind charge. Song exist lead wide matter travel sister.|2019-06-18 16:45:20|2|2019-10-31 10:01:04|2019-09-02 16:27:12|2019-08-25 20:56:33|0|-1409669602.7|19|117622520|886585124|1909575236|0|2019-05-15 03:21:22|10|8|2|2|2
24|affect hotel|Question action serve reason. Mean adult Congress difficult notice. Hair audience image shake space economy debate alone. Around simple customer radio political condition individual usually. Somebody computer practice set certainly mouth.|2019-03-15 04:28:35|8|2019-05-01 20:50:50|2019-04-14 10:15:49|2019-06-27 21:05:57|63|303277028.429|1|3066041397|2691421761|127585229|0|2019-02-15 20:03:20|4|9|4|2|5
25|specific significant|Reduce leader answer carry. Reflect man only work fact situation. Price want action else. End nature responsibility specific real history child. Huge policy shake fear. Trial term do beautiful rock two seat determine.|2019-08-04 08:38:44|2|2019-03-07 11:28:13|2019-08-29 15:12:58|2018-12-23 16:39:44|5|-4126691011.92|24|516903567|4033649830|3816506510|1|2019-03-19 14:47:40|9|8|3|5|2
26|support affect|Drug religious side author network the stay remain. Generation sport face character study many. Democrat race country amount could crime choose. Despite approach trial community usually throw media.|2019-05-06 18:14:38|4|2018-11-23 06:33:09|2019-07-11 14:12:34|2019-07-04 15:44:16|6|-1801588333.41|15|616449632|2533348641|603813636|1|2019-11-03 11:35:40|4|9|2|2|4
27|theory red|Until next me describe. Door rather describe mission. Save show information produce citizen affect. Recent rock over happen film tree plant. Choose manage area degree bring production sort attorney.|2019-10-09 00:15:14|1|2019-03-19 04:30:40|2019-05-16 14:52:20|2019-09-14 19:38:06|59|3999463233.25|9|1480715855|2305262547|2384532913|0|2018-11-24 19:50:06|3|9|3|4|5
28|war piece|Analysis eight necessary able. They claim everyone impact. Task we democratic center spring matter say. Both election reduce analysis. Expert join where use newspaper cultural. Series police defense. Check special on instead whom child some usually.|2019-01-10 10:22:14|4|2019-03-25 12:14:12|2019-05-18 06:37:18|2019-01-22 05:08:43|13|-3575085078.67|7|2431505916|4102203801|3805384250|0|2019-07-11 10:30:12|10|2|3|4|5
