id|subject|description|due_date|assigned_to_id|created_on|updated_on|start_date|done_ratio|estimated_hours|parent_id|root_id|lft|rgt|is_private|closed_on|author_id|priority_id|project_id|tracker_id|status_id
1|wait also|Attention citizen model yes. Himself responsibility population board without. Good bill set inside poor. Stand standard live traditional than various available. True argue might we many. Attack wonder might save clear. Determine value board.|2020-05-01 07:09:15|10|2020-04-27 14:14:11|2019-12-15 17:16:18|2019-07-15 16:21:21|50|-2660531830.9311867|4|3127710820|2979476938|2022063744|1|2019-09-19 04:46:36|6|9|6|1|6
2|system into|Successful necessary evidence still voice way. If ready high performance table blue. Half reason within lot sure including home. Anyone amount political sport. Attorney bed last common true tree. Produce law interview may information left hour.|2020-03-23 01:02:26|8|2019-08-18 06:20:06|2020-03-01 13:32:33|2020-03-30 05:08:16|28|-1579379686.0100331|8|2725190145|1099565425|2053309732|0|2020-03-16 10:05:35|1|3|5|7|6
3|involve structure|Process firm final. Summer together good drive together. Base nor vote. Shake between poor alone. Stay thing production next share society audience. Moment great shake moment left live.|2019-08-11 09:10:47|5|2020-01-30 06:18:02|2019-10-18 03:19:12|2020-05-06 01:14:47|14|-1537022696.2152152|20|3494751259|3441969345|333015105|0|2020-01-29 17:33:17|2|10|1|7|1
4|get artist|Always party meet true research across option. Painting sport partner child. Claim run draw. Student draw discussion follow perform relate space. Human open tell test network bar special. Owner to form step various food clearly southern.|2019-06-04 10:21:22|3|2020-04-25 13:14:17|2019-08-09 07:42:17|2020-02-27 13:57:57|23|681322965.6136351|19|1381688802|3080751604|2030166951|1|2020-04-19 08:45:21|1|9|5|4|4
5|hold piece|Sound simply pick scientist deep personal. Moment between too during over citizen. Medical rich plant suffer play. Condition hotel property note soldier. Account civil step election. Experience until political foreign responsibility action hope.|2019-10-06 16:09:53|4|2019-08-07 09:19:21|2019-10-26 18:01:09|2019-11-09 06:14:05|64|-3210680386.1637673|11|252796847|1576825411|3132545295|0|2019-06-02 12:28:04|7|3|2|6|1
6|only account|Reveal main budget realize then image involve. About part site young to middle. Page determine seven be. Long let loss prepare. Industry success us serious white month check. Clear common be. Town who the employee reach business.|2019-11-23 18:46:05|7|2019-08-18 17:34:34|2019-10-28 09:10:19|2019-06-19 13:19:23|2|1453472548.0346498|5|14729016|4045821501|1189175631|0|2020-03-07 01:07:54|9|5|2|4|4
7|save exactly|Though mission against college seat. Simple issue whatever middle. Hand special similar benefit. Actually reduce however herself fly quickly indeed. Poor seat he.|2020-02-01 04:58:14|1|2019-11-23 19:49:50|2019-08-06 20:06:29|2019-11-13 12:01:56|74|-1458586678.359015|8|1887523545|3856442630|1979621325|0|2020-05-23 22:44:05|9|3|5|5|6
8|learn each|Design according both forget exist east animal. Someone dog whose contain indicate. Rate friend high right political player station throw. Treatment perform effect identify nor forward. Finish candidate member between.|2020-04-11 11:55:57|1|2019-06-16 00:54:20|2020-02-07 18:04:02|2020-02-24 14:59:43|47|2012513509.9139595|8|1874549084|3565896703|3391778100|0|2019-10-22 22:23:33|8|4|5|5|6
9|technology structure|Foreign hand analysis room manage science seem hear. Have ability economic effect his tell. Threat play thus industry leg cell. My buy toward of Congress. Reveal television record ability raise week once.|2020-04-04 14:00:28|1|2020-05-07 02:56:47|2019-08-17 12:16:54|2019-10-03 20:20:08|10|-2643620435.1620255|4|1373307906|2075568928|686523592|0|2020-01-29 19:23:46|10|1|6|4|8
10|Democrat sort|She beyond enjoy college head goal under. Phone military spend chance door quickly time. Guy house effect care read result church offer.|2020-01-21 00:11:14|3|2019-12-25 04:41:06|2020-04-09 10:23:43|2020-03-12 01:33:54|99|-3414541619.0046067|2|278583270|3230530269|3266366101|1|2019-06-29 03:29:19|1|8|6|6|4
11|force story|Item rate standard school. Share along age. Kitchen tough maintain party section. Occur I laugh detail opportunity organization upon quite. Concern minute quality difficult may quite.|2020-03-04 09:49:45|7|2019-08-02 01:59:25|2020-02-28 10:04:31|2019-12-30 07:40:08|94|-1066637477.3995404|13|916108088|4179863589|604757780|0|2020-04-16 14:27:02|9|1|6|1|4
12|boy old|North TV space over boy area. His person protect beat floor easy Congress. Even start our person. Type follow wall fast approach. Suggest item information choice risk. Contain important trial her describe see. Community decide career down big ok.|2020-05-02 05:45:24|4|2019-10-06 10:36:26|2019-08-15 09:03:40|2019-11-21 16:57:24|47|3532750385.1225767|14|538667259|278917307|2043290099|0|2019-09-12 02:25:24|3|3|3|4|7
13|rule community|Never reach position eat nice apply hit. Still effect wife so the example. Professional near central natural. Data effect what stock. Usually base need. End power western heart offer. Star expect inside many home effort.|2019-11-08 18:05:17|6|2019-10-03 23:31:17|2020-04-15 10:17:42|2019-07-31 09:46:13|31|4161422245.947443|11|1980901990|3548561986|2500830180|0|2020-04-18 08:50:48|2|3|5|8|8
14|bit north|Plan lay week debate career. President prove reduce step financial issue force. Indicate town fish want sometimes much avoid. Gas guy similar save. With do these moment model race remember.|2020-03-21 17:32:47|10|2019-07-07 22:54:41|2020-05-07 21:20:27|2019-10-23 14:44:43|17|-501312913.60168076|7|3401456236|3812626112|2924075321|1|2019-10-26 21:53:15|6|2|6|7|8
15|moment ever|Soldier minute also trip follow institution already. While Republican public expert. Speak plant throw many very significant.|2020-05-05 19:18:15|9|2019-10-31 09:46:07|2020-05-30 07:12:28|2020-01-30 17:04:11|71|1308561070.7344189|10|3578294658|1626355566|2792361941|1|2019-06-09 09:34:41|2|8|2|6|5
16|majority wall|Production alone people represent. Might look until those line well. Goal from his. Develop space gun for book. Way push without light same threat which. None executive none anything tend ok. Court choice trade executive.|2019-10-12 08:13:09|6|2019-12-02 14:55:34|2020-03-27 19:22:27|2019-12-16 19:45:24|2|-3000803273.7263594|20|3806610377|152430512|2106442339|0|2019-12-11 21:53:31|4|2|5|6|4
17|activity play|Understand situation tonight mission whose commercial. Around ask rate might art. Book five happy not what. Art citizen stop. Truth member southern character answer seven. Other either sea study medical ok success. Skin fine city decision cost could.|2019-09-02 09:53:59|1|2019-08-08 02:40:03|2020-03-03 01:21:53|2019-06-27 05:15:25|35|3344352944.5785036|19|1006554191|3263873952|3040319246|1|2019-12-09 07:40:33|10|8|5|1|7
18|whatever people|Forget stuff difficult boy. Reduce Congress building run common seven sea. Year bill discussion kid example four community. Policy remember opportunity despite. Ago such your money site himself.|2020-05-20 09:32:53|5|2019-07-09 11:01:45|2020-02-18 09:27:18|2019-12-07 10:03:52|73|2260285180.6147957|7|2619644067|2407170259|3030994250|1|2019-10-28 13:38:02|7|8|2|4|7
