id|name|description|effective_date|created_on|updated_on|wiki_page_title|status|sharing|project_id
1|XuXmhDvqqqrZTxKUsplDkcucWcdKTZVN|She in action. Provide in crime fall. Impact city require senior strong serious no.|2019-06-03 06:12:27|2019-07-20 09:37:40|2020-01-06 19:21:08|Key character information. Possible public weight letter.|open|hierarchy|1
2|vspgvGolgchvfOqqtpvWDjucDdalEdHL|Study partner blood cost responsibility big. Owner scene teacher laugh. Window thank situation let until eight job grow.|2020-01-22 07:35:22|2020-04-29 03:35:19|2020-05-18 15:53:07|Phone away production year.|locked|none|4
3|iQcfEZeCbVersOutQMWruZcWhqXunTQF|Such race ball international. Religious evening effort design sister.|2019-09-06 09:08:15|2020-03-30 21:33:07|2019-06-04 11:48:18|So evidence travel forward ready.|closed|system|2
4|ryziHLAQqcgPPgCIfYjhmqcgUmYFibuZ|Agreement until without free. Next staff strategy suggest. Cultural body data likely crime.|2019-09-03 15:48:25|2019-10-09 21:35:34|2020-02-04 03:51:39|Democrat decade interest get college entire clear.|closed|system|6
5|fmsCiTGSUcVPgPJnwQDEvQWnZrSCERgs|Everything officer bar executive name two. Summer price woman key if. Result treatment save able majority happen.|2020-05-02 14:12:54|2019-10-10 13:40:13|2019-09-04 06:28:35|Better know nearly off.|closed|hierarchy|3
6|cHxQoskiejUeupPWoMdpvYPKZOjzWRfd|Subject watch sit church issue. Again matter team yes understand upon program.|2019-12-17 21:31:50|2019-09-11 22:56:46|2019-11-04 07:43:24|List response discover tend control particular third.|open|tree|1
7|LBQweGbiVeABxPxQwcevoVnVMjfpvfVR|Democrat off fly production collection view. Choice southern whether. Result stuff safe.|2020-03-10 07:38:48|2020-04-23 12:41:03|2020-02-26 09:43:11|Few doctor after themselves.|locked|tree|2
8|JqvzFvhAEYHmJKIOjCHPHmfXIOQrMOre|North usually contain notice radio. None outside before. Miss white thank agree matter myself write.|2020-03-05 18:11:28|2020-03-07 12:47:34|2020-02-05 08:30:06|Huge us send technology customer company.|locked|hierarchy|3
9|FTqWaXMmTvQxgkWjQALFqfSpMwOEWQPx|Vote six machine ground man. Thank involve miss day responsibility attack. When trade east wait other report ever.|2019-06-02 06:26:53|2020-05-18 19:15:54|2020-03-06 07:08:42|A where physical seven kind. Bring yes traditional poor start.|locked|tree|3
10|LzexeUcQXbzqSeoYRrIYdabNcJfWQlfF|Senior include place would movie. Himself write yet. Language value four cold. Question ability drug expect glass letter.|2019-07-08 09:32:59|2019-06-04 11:19:04|2019-08-29 06:39:59|She peace society push.|locked|tree|2
11|pXjvhGCZIKuVqcLdLQFSGLmLBzxjpNrm|Water three contain once direction we identify meet. Finish agent create style.|2019-09-01 06:53:11|2020-02-05 05:20:04|2020-05-09 04:40:45|Land above week ready window.|open|hierarchy|3
12|vXqSOmJOLswEyfXyWwjEDxUuHIyGnlWb|Themselves catch data year during fish. Stock five exactly defense time budget.|2020-02-01 06:54:15|2019-12-15 02:40:37|2020-04-16 05:36:51|Deal ground why different before return test.|open|tree|5
